seed,v3_len_0,v3_col_0,v3_time_0,v3_len_5,v3_col_5,v3_time_5,v5_len_0,v5_col_0,v5_time_0,v5_len_5,v5_col_5,v5_time_5
1,709.1515443241154,1,7.008335590362549,677.6455156261409,3,7.884505987167358,593.9437078833196,0,18.58585262298584,662.5514348836716,0,45.3372700214386
2,553.0040931042906,1,6.1435370445251465,610.4607146990246,2,8.254509925842285,500.65067794567227,0,33.10663294792175,499.83339526950556,1,92.1610255241394
3,716.9492424132,7,6.860828638076782,564.4908586462133,5,7.565415382385254,420.9326641600677,2,54.45835041999817,531.6211820139746,3,149.61447501182556
4,572.2823055803461,2,6.291166067123413,698.8914845117589,4,7.7869884967803955,465.20488484517665,0,68.11292791366577,495.953618904514,0,112.77307033538818
5,580.9526052926436,4,6.934910774230957,715.2670645043786,5,8.920876741409302,549.5028699032115,0,235.137099981308,635.1650909229619,1,619.5142614841461
6,549.5761579589677,3,6.570903062820435,541.9414671369645,4,7.156533718109131,398.0176515507612,0,56.50686168670654,491.20150299238605,2,223.21816515922544
7,508.2887470051802,0,6.428822040557861,799.9053621888107,6,8.975600481033325,384.45604978021544,0,18.464326858520508,480.72265332043037,2,172.8268506526947
8,632.7663336269627,1,7.0497918128967285,652.4229380505242,2,7.850637674331665,597.0853099560699,0,89.00038003921509,506.12255259320483,1,446.7235608100891
9,612.3657060829023,1,6.200400114059448,588.7041639739859,3,8.153952598571777,480.1208557589652,0,63.7598557472229,576.6301314846273,0,195.92214131355288
10,525.988761219802,1,5.9691245555877686,678.5985869264133,1,7.9427900314331055,569.2871246802465,0,15.91445517539978,614.7632286803555,0,103.6427218914032
11,610.9850856049624,1,7.195658206939697,703.7125726180842,4,7.797907590866089,479.8100560325071,0,65.26655316352844,578.6010332806504,0,185.60979890823364
12,589.8335825390254,1,6.504929304122925,640.299704693442,3,8.359699010848999,525.0029493829736,0,47.63234519958496,555.7759535107537,2,132.70764231681824
13,622.2247587863437,4,6.834661722183228,675.0556884091657,7,7.448067903518677,492.1323073706146,0,29.4511775970459,618.216669045452,0,122.81186270713806
14,538.540534578111,2,6.305027723312378,615.2090453050229,7,7.210963726043701,480.720151319167,2,338.1102385520935,576.7254749843735,0,312.4791774749756
15,568.9791173626712,2,6.458197355270386,914.1300967634346,7,9.60976219177246,500.29482798713144,1,125.6720974445343,600.1580493773689,2,107.42369866371156
16,575.809428412943,1,6.497759580612183,608.5513140549891,0,7.544285535812378,472.4537276577214,0,66.97407388687134,617.3319412257094,0,54.69058537483215
17,570.3786549405216,2,6.647723197937012,611.3162999802244,1,7.846433162689209,504.5375072873532,0,17.965748071670532,541.1233275392533,0,20.620205640792847
18,504.84683811598495,2,5.848195791244507,714.8993618062221,7,7.674503326416016,634.8394056423388,0,98.70273756980896,589.112646704513,1,121.16567611694336
19,554.9992656592543,3,5.531101703643799,699.8956140534466,1,7.423841238021851,433.3433078269637,0,166.32411170005798,612.9807378389798,0,172.02436780929563
20,596.435909581727,2,6.6040637493133545,577.7513252857311,7,6.94721269607544,494.0428416028394,0,77.20638370513916,471.4978555529532,3,396.7505259513855
21,520.5246142743927,5,5.9660584926605225,598.5568489864581,7,6.7003278732299805,503.5532212424867,2,301.26403164863586,563.0378260663094,3,227.5693936347961
22,664.2210788292384,1,7.261386394500732,713.5066084512152,2,8.011252641677856,521.9703273112009,0,210.40333604812625,582.5510571884438,0,131.86907029151917
23,563.1017270727815,2,6.4827561378479,730.5498399001343,4,7.333938837051392,483.0252278134331,0,97.8000190258026,620.4247824992248,1,216.21410608291623
24,591.0529081941181,2,6.354541301727295,762.8790630594094,12,8.92066764831543,460.79059392956856,1,196.6953797340393,543.073134087892,1,134.83396077156067
25,572.2638683433358,1,6.8521788120269775,760.0295642232289,6,8.655023097991943,455.4873451353649,1,76.09979820251465,620.7136184418292,1,163.55081868171692
26,546.2966622899513,5,6.82884693145752,578.5985376758031,5,7.861525774002075,592.2055816867673,1,153.6730785369873,669.1173098642662,0,102.05226516723631
27,565.9372827181669,3,6.835872173309326,721.0008820214765,6,8.089526653289795,469.3925420279091,2,52.70885300636292,542.93655310817,2,97.54102969169617
28,612.8919096226068,1,6.587579250335693,618.3211892359295,1,7.496644973754883,556.5406085908742,0,126.5516209602356,579.8058271325851,2,136.6017837524414
29,655.7700976387395,3,7.124538421630859,654.009346554471,6,7.086045980453491,536.6950434695353,0,101.68313384056091,613.4833036526662,1,76.38678216934204
30,564.3937391869433,2,6.218065500259399,673.2931060569834,6,7.770032644271851,508.9005273713348,0,49.08097529411316,563.287436940697,0,82.01744794845581
31,620.6591016705054,0,6.468883752822876,718.3571298561201,5,7.383845567703247,472.65907794317474,0,77.79618453979492,681.1905592572604,1,77.5225715637207
32,521.7699296143279,1,5.381486415863037,571.010500278439,3,6.985214471817017,548.576103407331,0,69.66939735412598,701.1657420160409,0,63.4798641204834
33,574.0419070235935,2,6.230026006698608,611.4161125205363,2,7.014652490615845,480.97127481368693,0,67.93387389183044,552.3598594649591,0,63.698195457458496
34,624.6098510029036,0,6.909633159637451,733.4568629277337,2,8.525961875915527,521.3240033615702,0,162.2965705394745,658.6667055430214,3,217.5775110721588
35,664.6572251950391,4,7.236427307128906,575.7800081284828,1,7.596148729324341,484.4978487932223,2,278.5328872203827,634.2276377602226,2,232.85616660118103
36,671.403719265947,3,6.823729038238525,610.1144730883217,3,7.73262357711792,493.9246466664515,0,99.83959031105042,543.1628969274157,1,120.01147437095642
37,608.2092444546006,3,6.353507995605469,656.6988324350264,3,7.9404332637786865,532.3388382650336,0,78.46389985084534,626.6564175770395,1,147.3276755809784
38,628.005829182415,3,7.191576480865479,678.1044587049577,7,8.124860763549805,482.77430635748397,0,28.217003107070923,577.7441724138425,1,189.01274943351743
39,589.4685102539961,0,6.947012186050415,610.0163589937512,3,7.857712984085083,484.33432114280515,0,12.51455044746399,503.03201150800265,0,162.09595847129822
40,808.2268252394564,3,8.248460054397583,752.4759141832569,0,8.300466060638428,543.7808667474168,0,296.92125606536865,647.0790864557848,0,205.45268607139587
41,536.1373845967549,2,6.036834955215454,640.5426583977408,4,7.564667463302612,364.04922774238446,2,223.5586531162262,498.72841276812966,1,254.19334244728088
42,446.046362876236,0,6.2703893184661865,676.1361612112378,3,8.125383853912354,569.6432139835176,0,121.57953715324402,585.6466630980361,0,91.68272137641908
43,706.8994684487028,4,6.426236152648926,709.307047522711,2,8.31824779510498,437.0173888220451,0,27.46977496147156,501.2357988303142,0,157.22999787330627
44,531.3619270491504,0,6.232195615768433,690.5641793503311,2,8.072508335113525,441.0474502080431,0,59.9553427696228,639.7247264066813,0,34.90631937980652
45,544.7011454225902,2,6.04761528968811,619.0074576121275,1,7.3041558265686035,515.1299121461709,0,80.89568448066711,608.688414112363,0,209.7717626094818
46,533.8257189319505,0,6.703672409057617,630.5843947833575,4,7.869823455810547,540.3811252770987,0,193.4438922405243,881.3094575698221,3,303.93736505508423
47,597.5297170974872,3,6.949410915374756,722.0038886894157,1,8.22602891921997,454.7770241880473,0,37.107967138290405,725.1547447663341,1,132.36499071121216
48,529.844928965383,3,6.3027191162109375,558.2111105422214,3,6.579962253570557,512.1622443561804,0,48.669673204422,630.9271264673552,2,218.13114166259768
49,629.195714154277,3,6.209853887557983,651.8674459501009,3,6.962612152099609,487.153927169011,0,265.2464106082916,708.5656389581609,1,144.52762746810913
50,513.5862394079712,2,6.034148693084717,610.0464318465312,3,7.712302923202515,549.2670385715346,1,87.9167845249176,550.1629987017158,2,207.42513990402225
