seed,base_col,base_len,base_time,corridor_col,corridor_len,corridor_time,car_col,car_len,car_time
51,2,440.31623582923385,77.80175542831421,3,474.54165140100037,17.015201091766357,3,477.7274596330501,23.23283624649048
52,0,500.5797565868122,4.4586310386657715,0,538.7701677475817,10.005879640579224,0,538.8414040278793,13.074246644973755
53,4,519.370101364968,108.29072594642639,2,459.2800639825828,7.501653432846069,2,459.24481965893546,9.442671537399292
54,0,500.02357017379006,82.78755903244019,1,531.1995681371714,6.599703788757324,1,531.1995681371714,7.6348206996917725
55,0,561.8047038766811,30.710872411727905,0,473.9214532928456,2.729759693145752,0,473.9214532928456,2.6591579914093018
56,0,514.284460324131,27.78659677505493,2,411.7947220740076,8.688112258911133,3,411.71950849800777,19.2157781124115
57,1,497.5546666646641,74.2814428806305,0,604.6608877265467,8.316317081451416,0,604.6608877265467,10.645986080169678
58,0,510.4881613896151,24.52283763885498,0,593.1238488812238,6.063109874725342,0,593.0477359115472,8.620795965194702
59,5,540.5450558186136,139.7830069065094,3,504.64952658756,17.531922817230225,3,495.8193706684983,20.156006336212158
60,3,545.2660792574175,103.31760692596436,1,492.4126801938468,6.798047304153442,1,492.4126801938468,8.129665613174438
61,0,525.6106782771157,11.422755241394043,0,612.1912191432983,11.42655873298645,0,611.8776490714303,16.172657012939453
62,0,494.5375397221394,31.82431650161743,2,507.73070131718293,17.908758640289307,2,501.33362710853476,30.010305643081665
63,1,596.115431846103,143.8030412197113,0,520.5811021288449,4.7692248821258545,0,482.8461945631742,12.214600324630737
64,3,448.4946134208274,81.43605446815491,3,430.07667171472747,18.49445104598999,4,429.51838108729095,29.40417766571045
65,0,507.4354174031561,7.282837390899658,2,499.16381740069374,11.915921688079834,2,498.9893008373662,13.975397825241089
66,3,488.2829401460913,110.55024886131287,0,441.02771269201224,8.438064575195312,0,439.95020463321737,15.644938707351685
67,0,536.2331932859024,39.942864179611206,0,499.606246182576,8.599171161651611,0,498.73831471927303,10.35556960105896
68,0,522.8495892955488,8.734754800796509,0,393.6623923812989,2.994215250015259,0,393.6623923812989,3.014458417892456
69,1,421.1347090312356,63.17863392829895,0,492.45470409695224,8.103013753890991,0,492.293553048613,8.594457149505615
70,1,521.5318688211734,40.15487289428711,1,519.19454489927,8.182069063186646,1,519.0794697243009,10.047214269638062
71,0,509.3380381276908,31.450973749160767,1,470.8604365631634,7.311147928237915,0,439.5562390933732,4.823358535766602
72,1,457.84449329319676,65.13197326660156,0,489.2125663898432,6.406446695327759,0,496.6415117418689,9.792542934417725
73,1,567.540606173865,51.43715858459473,2,634.6360992134497,19.97417426109314,2,634.6360992134497,26.53530764579773
74,2,464.57708713218835,67.70330739021301,1,602.4652919053332,14.98408818244934,1,615.3279880566225,23.53296685218811
75,1,487.15739239496764,82.04119062423706,4,585.9368246783158,41.71172046661377,4,585.9368246783158,55.38322639465332
76,0,567.8233211470617,29.92474365234375,0,522.5657838676112,3.206702709197998,0,522.207868164289,6.259634256362915
77,1,498.5783329264228,68.63505983352661,1,453.96181788297054,10.272769927978516,1,465.26840050102527,10.991211175918579
78,1,435.5908402920109,52.060659885406494,1,532.3357308706146,8.159883260726929,3,518.6784841901745,20.69530415534973
79,2,493.2353260147071,85.69057178497314,3,464.1937872344335,10.934166669845581,3,462.13822007063123,14.410626649856567
80,0,511.9507748376215,14.213489055633545,0,591.3366329196156,1.5228493213653564,0,591.3366329196156,1.5216286182403564
81,3,465.1411766575121,94.18731164932251,3,481.9444672778521,18.961533546447754,3,512.1899754831917,38.374759674072266
82,0,540.1651806577433,30.21475076675415,0,536.1617061865231,6.863664388656616,0,536.1601272849622,8.278101444244385
83,1,525.5658601992718,57.238770723342896,1,489.86817235956636,8.225828409194946,1,489.86817235956636,10.372038841247559
84,2,537.0810182527274,84.86880540847778,2,494.95887055260033,14.317249536514282,2,495.5104185512692,28.143059015274048
85,3,588.4559310156368,78.96335005760193,1,457.02717015457716,11.459465503692627,1,457.726132286118,11.339205265045166
86,0,545.0339809767436,37.52413630485535,1,609.065383484055,20.875877141952515,0,594.0343201636255,11.496181726455688
87,5,527.8959544936033,247.3888385295868,2,638.4624302304709,19.302663803100586,2,638.4063360951748,31.214517831802368
88,1,494.8472772934025,109.56998610496521,1,492.2794553144472,15.580081939697266,1,492.2794553144472,21.11634111404419
89,2,534.9838665782045,65.11158919334412,4,505.2438829382182,28.05109930038452,3,489.69481371687255,36.89908719062805
90,2,442.40371076772624,110.67607474327087,1,445.17133547806037,12.661286354064941,1,445.17133547806037,17.06900429725647
91,1,490.84033384519955,90.0562891960144,1,446.6969895222059,10.547886371612549,1,446.69004144644316,13.46676778793335
92,1,498.9541230853284,40.43304228782654,2,532.6053707097612,14.61968445777893,2,533.4710525437579,19.987876653671265
93,4,600.8756029602628,113.72370076179504,2,435.0659520529163,10.617799282073975,2,434.4644422390244,19.586679697036743
94,0,515.5217964731721,30.898117780685425,1,648.5979222155224,10.655052900314331,1,648.3829963877477,13.5410795211792
95,1,531.0114640424478,71.82470178604126,2,559.3375305978598,18.965956449508667,2,578.6688116628967,20.814098834991455
96,0,502.6740029749002,30.64804768562317,0,471.1383104070736,7.443435192108154,0,471.10880761533116,9.403318881988525
97,3,469.22233410101853,81.18298125267029,2,507.7677686043292,16.427616596221924,2,507.7677686043292,21.514111757278442
98,1,549.299073876813,63.91013860702515,1,558.6031476764706,12.408104658126831,1,553.8893665138692,12.952841997146606
99,1,502.3256737256527,68.90791726112366,1,522.3862761376774,15.458451509475708,2,533.3519577291912,21.26664113998413
100,0,577.6207663481398,30.751744031906128,2,571.1013601276663,24.159958600997925,2,577.9763871281532,35.308637619018555
